poster,title,license,qr_side_px,epochs,no_qr_genuine,no_qr_tampered,mean_threshold,mean_auc,mean_fpr,mean_recall,mean_det_aligned_overlay,mean_det_loose_overlay,mean_det_branded_sticker,mean_det_partial_patch,local_threshold,local_auc,local_fpr,local_recall,local_det_aligned_overlay,local_det_loose_overlay,local_det_branded_sticker,local_det_partial_patch,raw_genuine_pass,raw_genuine_ratio,raw_aligned_overlay_flagged,raw_loose_overlay_flagged,raw_branded_sticker_flagged,raw_partial_patch_flagged
web_000.jpg,File:1070 Breite Gasse 4 - Museumsquartier - Street Art Passage IMG 0501.jpg,CC BY 4.0,1179,60,1,3,0.024627620342052032,0.9687978714827058,0.0,0.7515923566878981,1.0,1.0,1.0,0.0,0.06427674477844887,1.0,0.0,0.9936305732484076,1.0,1.0,1.0,0.9743589743589743,True,0.8042822818233749,True,True,True,True
web_001.jpg,"File:2018 New York ePrix td Saturday 003 - eVillage, DHL.jpg",CC BY-SA 4.0,209,60,0,0,0.023529705967728822,0.9629687499999999,0.0,0.7625,1.0,1.0,1.0,0.05,0.09439603629918022,0.999609375,0.0,0.9375,1.0,1.0,1.0,0.75,True,0.39900619685533084,True,True,True,True
web_002.jpg,File:460-0095-COVID-19 7-2021-hinnerk-ruemenapf.jpg,CC BY-SA 4.0,188,60,1,1,0.012184985862264889,0.9870233261682987,0.012658227848101266,0.8301886792452831,1.0,1.0,1.0,0.325,0.040541838362661474,0.9999203885041,0.012658227848101266,1.0,1.0,1.0,1.0,1.0,True,0.505601149656604,True,True,True,True
web_003.jpg,"File:68 NTD per month for every 10000 NTD borrowed, Taipei City Secured Small Loans Service 20170728.jpg",CC BY-SA 4.0,204,60,0,1,0.009973282464787852,0.9959905660377357,0.0,0.8742138364779874,1.0,1.0,1.0,0.5,0.0360389218967139,1.0,0.0,1.0,1.0,1.0,1.0,1.0,True,0.3837551424602805,True,True,True,True
web_004.jpg,File:Afiŝo kun rapidresponda kodo en Erevano.jpg,CC BY-SA 4.0,697,60,0,0,0.006910696197652175,0.9938281250000001,0.0125,0.86875,1.0,1.0,1.0,0.475,0.02375854485674624,1.0,0.025,1.0,1.0,1.0,1.0,1.0,True,0.5615775735194669,True,True,True,True
web_005.jpg,File:Afiŝo pri serĉado de lokanoj kaj turistoj por malfikcia filmo pri Armenio.jpg,CC BY-SA 4.0,346,60,0,0,0.008929887489394646,0.9978125,0.0,0.875,1.0,1.0,1.0,0.5,0.043062273735811285,1.0,0.0125,1.0,1.0,1.0,1.0,1.0,True,0.22343431058950852,True,True,True,True
web_006.jpg,File:Agritechnica 2011-by-RaBoe-56.jpg,CC BY-SA 3.0 de,449,60,0,1,0.006974441632456263,0.997562893081761,0.0125,0.9559748427672956,1.0,1.0,1.0,0.825,0.03072391315817317,1.0,0.025,1.0,1.0,1.0,1.0,1.0,True,0.31595083366359805,True,True,True,True
web_007.jpg,"File:All-trains-will-be-suspended notice at West Exit, TRA Qidu Station 20220428.jpg",CC BY-SA 4.0,208,60,1,0,0.023759703978935055,0.9813291139240506,0.0,0.79375,0.975,1.0,1.0,0.2,0.09466785491986346,0.9989715189873417,0.0,0.9125,0.975,0.925,0.875,0.875,False,1.2340487299600205,True,True,True,True
web_008.jpg,File:Andrić Borba.JPG,CC BY-SA 3.0 rs,169,60,0,0,0.010050869744007943,0.997265625,0.0,0.8875,1.0,1.0,1.0,0.55,0.06334505129932307,0.9999218750000001,0.0125,1.0,1.0,1.0,1.0,1.0,True,0.25740164902240736,True,True,True,True
web_009.jpg,File:Andrić Politika.JPG,CC BY-SA 3.0 rs,157,60,0,0,0.012138572116384035,0.9790625,0.0125,0.8375,1.0,1.0,1.0,0.35,0.05330893668486929,0.998984375,0.025,0.99375,1.0,1.0,1.0,0.975,True,0.382654413713414,True,True,True,True
web_010.jpg,"File:Anoplophora-glabripennis-kvaranteno, 1.jpeg",CC0,209,60,0,0,0.010585287718123252,0.9946875,0.0,0.89375,1.0,1.0,1.0,0.575,0.02812273022073163,1.0,0.0,1.0,1.0,1.0,1.0,1.0,True,0.3843883943173513,True,True,True,True
web_011.jpg,File:Apen - Unterster Weg 06 ies.jpg,CC BY-SA 3.0,464,60,0,1,0.011508340282768516,0.9897798742138364,0.0,0.7861635220125787,1.0,1.0,1.0,0.15,0.05975711391833301,1.0,0.0,0.9937106918238994,1.0,0.975,1.0,1.0,True,0.4379216056412948,True,True,True,True
web_012.jpg,File:Augmented reality at Museu de Mataró linking to Catalan Wikipedia (36).JPG,CC BY-SA 3.0,176,60,0,0,0.0054894151788522265,0.9996875000000001,0.0,0.93125,1.0,1.0,1.0,0.725,0.016846872139998855,1.0,0.0,1.0,1.0,1.0,1.0,1.0,True,0.31661105962403097,True,True,True,True
web_013.jpg,File:Bad Zwischenahn - Am Hogen Hagen - Kurpark - Freilichtmuseum Ammerländer Bauernhaus - Spieker 08 ies.jpg,CC BY-SA 3.0,422,60,0,1,0.011645003005394302,0.9967767295597484,0.0,0.9371069182389937,1.0,1.0,1.0,0.75,0.0610631757056897,1.0,0.0,0.9937106918238994,1.0,0.9743589743589743,1.0,1.0,True,0.5370159228629494,True,True,True,True
web_014.jpg,File:Baiersbronn Mitteltal - Zum Bruderhof - Skilift Talblick 06 ies.jpg,CC BY-SA 3.0,305,60,1,4,0.03636326240508153,0.9359785783836417,0.0,0.7564102564102564,0.975,0.975,1.0,0.0,0.10646076235792679,1.0,0.0,0.9102564102564102,0.975,0.95,0.975,0.7222222222222222,True,0.5039692762683808,True,True,True,True
web_015.jpg,File:Bartek Bade Store 20230204.jpg,CC BY-SA 4.0,154,60,0,0,0.012845322036365294,0.992421875,0.0,0.8375,1.0,1.0,1.0,0.35,0.03602055828377346,1.0,0.0,1.0,1.0,1.0,1.0,1.0,True,0.42462154346632364,True,True,True,True
web_016.jpg,File:Bartek Bade Store closed 20241222.jpg,CC BY-SA 4.0,156,60,0,0,0.010128663060095812,0.9955468749999999,0.0,0.91875,1.0,1.0,1.0,0.675,0.054093929153428366,1.0,0.0,0.99375,1.0,0.975,1.0,1.0,True,0.7145264076825748,True,True,True,True
web_017.jpg,File:Bell Tower of Soto School Taiwan Branch plaque 20230415.jpg,CC BY-SA 4.0,249,60,0,0,0.02779747129310016,0.9628125,0.0,0.79375,1.0,1.0,1.0,0.175,0.09871898239535298,0.9992187499999999,0.0,0.95625,1.0,1.0,0.925,0.9,True,0.632266847239782,True,True,True,True
web_018.jpg,File:Bell Tower of Soto School Taiwan Branch plaque 20240211.jpg,CC BY 2.0,177,60,0,1,0.01536487773177624,0.9828616352201257,0.0,0.7735849056603774,1.0,1.0,1.0,0.1,0.05081723425999357,1.0,0.0,1.0,1.0,1.0,1.0,1.0,True,0.4386031322794657,True,True,True,True
web_019.jpg,File:Bersarin Gedenkstein Tafel - Berlin-Frife 2013 Juli - 1267-1147-120.jpg,CC BY-SA 3.0,213,60,0,0,0.018963128188037182,0.9621875,0.0,0.75,1.0,1.0,1.0,0.0,0.06659164545357202,1.0,0.0,0.975,0.95,1.0,1.0,0.95,True,0.40721418092836326,True,True,True,True
web_020.jpg,File:Booth QR.jpg,CC BY-SA 3.0,156,60,0,0,0.010907852131050088,0.998671875,0.0,0.9375,1.0,1.0,1.0,0.75,0.05785428446740264,1.0,0.0,1.0,1.0,1.0,1.0,1.0,True,0.671141224275991,True,True,True,True
web_021.jpg,File:Cat MoMo's QR codes at CWT50 20181209.jpg,CC0,461,60,7,4,0.019151202571013357,0.9589919213206884,0.0136986301369863,0.782051282051282,1.0,1.0,1.0,0.05555555555555555,0.05188212429002141,0.9957850368809272,0.0136986301369863,0.9935897435897436,1.0,1.0,1.0,0.9722222222222222,True,0.529710174747533,True,True,True,True
web_022.jpg,File:Cat MoMo's whiteboard at Expo Dome court yard (48432110941).jpg,CC0,474,60,0,0,0.01391393980695058,0.994140625,0.0,0.83125,1.0,1.0,1.0,0.325,0.041786247324190416,1.0,0.0,1.0,1.0,1.0,1.0,1.0,True,0.42845577328329537,True,True,True,True
web_023.jpg,File:CCPA pocket facial tissue back 20191012.jpg,CC BY-SA 4.0,204,60,0,0,0.018465714657224144,0.992421875,0.0,0.8125,1.0,1.0,1.0,0.25,0.08734298770604695,0.999375,0.0,0.94375,1.0,0.8,0.975,1.0,True,0.7050211939776692,True,True,True,True
web_024.jpg,File:COVID 19 pandemic - Asia - 046.jpg,CC0,158,60,1,0,0.02389140142909941,0.9697784810126582,0.0,0.75625,1.0,1.0,1.0,0.025,0.10453094039970053,0.9969145569620252,0.012658227848101266,0.95,0.975,0.925,0.975,0.925,True,0.4249575361629022,True,True,True,True
web_025.jpg,File:Charity QR-Code of Hualirn Social Affairs Department beside Door of Yoshinoya Jilin Restaurant of 20180214.jpg,CC0,278,60,1,0,0.029698584562610583,0.9766613924050633,0.0,0.74375,0.975,0.95,1.0,0.05,0.11765108591736814,1.0,0.0,0.88125,0.85,0.875,0.975,0.825,True,0.42196922072334525,True,True,True,True
web_026.jpg,File:Chihiro Chang as Eriri Spencer Sawamura standing at Expo Dome court yard 20190518 133604.jpg,CC BY-SA 4.0,155,60,23,9,0.03618985881325677,0.9628209596839781,0.0,0.7880794701986755,1.0,1.0,1.0,0.0,0.11052318435869211,0.9995352619960497,0.0,0.9139072847682119,0.9487179487179487,1.0,0.975,0.6875,True,0.25825813444672424,True,True,True,True
web_027.jpg,File:Chikae's introducing-herself board 20230527.jpg,CC0,382,60,0,0,0.013089572635707375,0.9753125,0.0,0.775,1.0,1.0,1.0,0.1,0.06501040331731922,1.0,0.0,0.975,1.0,1.0,1.0,0.9,True,0.37366573019078364,True,True,True,True
web_028.jpg,File:Coca Cola Plaza (7954380278).jpg,CC BY-SA 2.0,155,60,0,0,0.009205582210755583,0.9972656249999999,0.0,0.8375,1.0,1.0,1.0,0.35,0.024518182662251288,1.0,0.0,1.0,1.0,1.0,1.0,1.0,True,0.37525623468708286,True,True,True,True
web_029.jpg,File:Detern - Von-Glan-Straße 02 ies.jpg,CC BY-SA 3.0,302,60,0,0,0.012799306184765522,0.9890625000000001,0.0,0.85625,1.0,1.0,1.0,0.425,0.04662796838062261,1.0,0.0,0.99375,1.0,1.0,1.0,0.975,True,0.5050132642190823,True,True,True,True
web_030.jpg,File:DM standing and holding her introducing-herself board 20230527.jpg,CC BY-SA 4.0,396,60,0,0,0.015431995846169637,0.9907031249999999,0.0,0.79375,1.0,1.0,1.0,0.175,0.03904884868668179,1.0,0.0,1.0,1.0,1.0,1.0,1.0,True,0.49004328364423694,True,True,True,True
web_031.jpg,File:Evernote Smart Notebook video advert with QR code (14692818636).jpg,CC BY 2.0,397,60,0,1,0.005462893906470082,0.9962264150943396,0.0,0.9371069182389937,1.0,1.0,1.0,0.75,0.023284433128971473,1.0,0.0125,1.0,1.0,1.0,1.0,1.0,True,0.6464799947674814,True,True,True,True
web_032.jpg,File:Facebook QR code of Proware Multimedia official fansite on the wall 20230127.jpg,CC BY-SA 4.0,877,60,0,0,0.010391274426807477,0.991640625,0.0,0.9,1.0,1.0,1.0,0.6,0.03135938454307134,1.0,0.0125,1.0,1.0,1.0,1.0,1.0,True,0.6837460252794023,True,True,True,True
web_033.jpg,File:Flora Cheng's handbag and business card box 20220716.jpg,CC BY-SA 4.0,173,60,38,23,0.032391487946144416,0.9633298574904414,0.0,0.7518248175182481,0.8571428571428571,0.9459459459459459,1.0,0.0,0.08894630481036381,1.0,0.0,0.9562043795620438,0.9428571428571428,0.9459459459459459,0.9736842105263158,0.9629629629629629,True,0.6721940099985823,True,True,True,True
web_034.jpg,File:Frankfurter-Engel-2014-Ffm-Innenstadt-719.jpg,CC BY-SA 3.0,179,60,0,0,0.01662556697380051,0.968671875,0.0125,0.8125,1.0,1.0,1.0,0.25,0.054297275290217335,0.999765625,0.0125,1.0,1.0,1.0,1.0,1.0,True,0.9556277237903582,True,True,True,True
web_035.jpg,File:Freopedia 14 gnangarra.JPG,CC BY 2.5 au,355,60,0,0,0.006205148404679939,0.9991406250000001,0.0,0.975,1.0,1.0,1.0,0.9,0.03149490782429937,1.0,0.0,1.0,1.0,1.0,1.0,1.0,True,0.5096921737094849,True,True,True,True
web_036.jpg,File:Hagen - Goldberg - Bismarckturm 14 ies.jpg,CC BY-SA 3.0,1122,60,0,0,0.010622102450238822,0.994765625,0.0125,0.8625,1.0,1.0,1.0,0.45,0.04615449876728616,1.0,0.0125,1.0,1.0,1.0,1.0,1.0,True,0.34783571858620727,True,True,True,True
web_037.jpg,File:Happy Elements items serial card from FamilyMart stores until 20140831.jpg,CC BY-SA 4.0,327,60,0,0,0.006894056167990408,0.99609375,0.0,0.89375,1.0,1.0,1.0,0.575,0.02062426694786638,1.0,0.0,1.0,1.0,1.0,1.0,1.0,True,0.5253230751635982,True,True,True,True
web_038.jpg,File:Haren - Barenfleer 04 ies.jpg,CC BY-SA 3.0,221,60,0,0,0.020919594863421244,0.976875,0.0,0.7625,1.0,1.0,1.0,0.05,0.07083982194111223,1.0,0.0,0.99375,1.0,1.0,1.0,0.975,True,0.4126668622346807,True,True,True,True
web_039.jpg,File:Haren - Hünteler Schleuse 04 ies.jpg,CC BY-SA 3.0,392,60,1,0,0.018616428685599533,0.9776898734177215,0.0,0.83125,1.0,1.0,1.0,0.325,0.08425893339094861,1.0,0.0,0.975,1.0,1.0,0.925,0.975,True,0.6583933990784913,True,True,True,True
